node,community
85728,1
59983,2
123087,0
6916,2
80282,1
62128,1
123755,0
87997,1
128709,0
65902,1
113364,1
113267,0
24797,2
79814,1
20408,2
575,1
71256,3
116415,0
89652,1
102363,1
13547,1
118264,0
32563,2
61560,1
127426,1
47151,2
105216,1
24998,2
103680,0
49503,2
93136,1
17792,0
72280,0
11699,2
5908,2
54589,2
123574,1
53824,2
64682,1
83571,1
110958,1
87481,2
125948,1
20690,0
35736,0
8540,0
106352,1
41086,0
110940,0
26252,2
72670,0
53935,3
110560,0
107693,0
61058,0
52578,2
109965,1
110843,1
128349,1
40518,2
112809,0
40451,2
44382,2
91263,1
115328,1
108489,1
46510,0
61452,2
114271,1
125913,1
57507,2
32404,0
64453,0
57591,0
120246,1
10025,2
105336,3
45866,2
11892,2
121802,1
47200,1
20788,1
71867,0
87609,0
7984,1
75509,1
107236,0
38058,2
52209,2
69032,1
63430,0
62307,0
6231,2
109449,1
113421,0
33692,1
21884,0
39773,0
124131,1
85665,1
81281,1
28666,2
121431,1
69629,0
104008,0
65600,1
104344,0
44740,2
65507,0
64406,1
70023,1
99824,4
88526,0
7119,1
88077,2
122360,1
73554,0
75808,1
12364,2
86561,0
51462,0
11749,1
70103,0
107646,1
31061,0
51361,0
87479,0
69791,0
33601,0
71130,2
66443,1
127427,0
116543,0
9187,2
112582,1
130579,3
52521,2
30626,1
131221,0
44682,0
16615,2
23145,0
23028,2
107495,1
29869,1
328,1
35605,0
108912,1
50035,0
57340,2
100811,1
86707,1
6491,1
91102,2
118347,1
63988,4
53745,1
128802,0
14042,1
52120,0
14231,2
43577,2
103608,1
317,1
89455,0
90067,0
120637,0
50033,0
75836,1
68600,1
75408,0
82440,4
71649,0
84641,1
106145,1
5181,2
22124,2
29188,2
51383,0
27300,2
110620,0
2571,2
51023,0
35615,0
95217,1
43425,0
119172,1
79976,3
31992,2
111019,0
6781,1
73617,1
30406,2
68864,1
65142,0
42418,1
74976,0
93336,4
53486,1
73691,0
119247,0
97205,1
81368,0
64224,1
39252,2
123732,1
55616,0
98583,1
83615,1
109483,1
64828,0
83787,1
54272,2
116188,1
54516,1
32892,0
71636,0
44214,3
94578,1
86243,2
63758,0
87950,1
38246,1
99434,0
103486,2
92076,1
15937,2
60575,1
46570,1
45268,1
59162,1
54409,2
96405,0
80828,0
57068,1
71671,0
66048,2
93822,0
61644,0
66072,0
91917,0
100334,1
78128,0
53314,2
963,1
110164,0
13563,2
85079,1
41279,0
550,1
126182,0
128250,0
69602,0
17930,2
13089,1
81245,0
85419,1
93647,0
10120,1
122467,0
68167,1
18469,2
129471,1
118829,1
120365,0
106866,1
34947,2
119280,1
78336,0
94241,1
39972,0
49668,1
3733,2
101594,0
115173,0
56150,1
86748,0
79206,0
72992,2
25661,2
31776,1
128151,0
98487,2
125677,1
114587,3
95674,0
47534,2
29896,0
11265,1
57252,1
68621,1
47256,2
35485,1
84779,0
61812,0
91957,0
27667,2
13867,2
11096,2
7445,1
45634,1
57469,2
124336,0
35991,1
127176,0
23727,2
46712,1
124031,0
77234,0
50319,0
126360,1
49083,2
24455,0
13896,2
87020,0
77573,0
1656,1
20340,0
46726,1
113555,0
111211,1
9994,0
34672,2
16990,1
10628,2
98680,0
90824,0
11597,2
106892,0
19815,0
77946,1
116929,1
120262,0
72300,1
125016,3
7682,1
117453,0
120865,1
118430,0
37286,0
57387,2
11987,0
70481,0
16686,2
126742,0
76663,1
32832,1
89475,1
42895,1
14651,0
105001,2
51049,0
61073,0
2818,1
12246,1
37835,2
25014,1
45164,2
651,1
18926,0
16763,1
111477,0
48041,1
42382,2
45126,1
69964,1
56587,0
78713,1
98645,0
90449,1
66071,2
18905,2
2832,0
40267,1
105358,0
19025,1
19174,1
101473,0
38150,1
83630,1
20445,2
79659,0
64706,1
34652,2
84914,1
90066,0
111135,0
29141,2
121340,0
110007,1
38908,1
59585,0
67019,0
127232,0
62213,0
84687,0
7271,1
77113,1
73546,0
64923,0
62592,0
45548,0
80600,1
127856,1
22863,0
113643,1
48873,2
48292,0
57747,2
54357,0
92842,0
26683,0
59697,1
81534,1
121481,0
34974,0
104846,0
114992,1
102624,0
1043,1
75458,1
73279,1
116899,1
125699,1
47903,0
20127,2
46711,1
43071,3
70094,0
125429,1
2271,2
30320,0
82387,0
92257,1
108523,0
110715,0
107705,0
13813,1
65814,1
112538,3
1176,3
23870,0
82047,1
26397,2
82432,0
9181,0
72383,0
64878,0
8600,2
48571,2
5326,1
25375,0
15794,2
50610,0
105195,0
9709,2
86159,1
98416,1
63194,1
120691,1
41314,0
106124,0
85173,1
632,0
113066,0
119830,0
84395,0
18275,1
121853,1
100844,1
97602,0
81373,0
115626,1
83020,3
14460,1
6956,2
59245,0
74183,0
114715,0
75530,1
126049,1
117448,0
112368,1
9430,2
118305,1
73252,0
91381,0
69095,0
16293,2
82333,0
2165,2
37722,0
114346,0
18818,2
59290,2
91666,2
101073,1
38388,0
127951,1
61024,1
100233,3
30423,2
47956,0
121021,0
129769,4
51343,1
67940,0
37015,0
21285,2
62930,1
125529,1
90056,0
87726,0
62367,2
76201,1
71577,0
77499,0
26239,1
57085,2
103308,0
22160,2
88226,1
104361,0
112425,1
74324,0
58041,1
54506,1
32335,0
85407,1
32062,0
40634,2
111182,0
3064,0
81935,0
79484,1
53847,2
6270,2
104033,1
80186,0
109770,0
121502,1
65259,0
105350,1
112625,0
86674,1
72818,1
11241,1
105840,1
112589,1
2401,4
12186,2
38111,1
122678,0
84378,0
66522,2
78850,1
98022,1
88190,0
18893,1
23785,2
100542,3
61209,1
72881,1
49825,1
63195,2
89324,3
47600,1
27656,2
104954,0
68981,1
41299,0
124121,1
50747,0
91116,0
14054,0
92058,1
95628,1
105404,3
122282,1
98978,1
45088,1
83258,0
30855,1
39620,1
16895,0
9456,1
88711,0
48798,0
67121,1
13619,2
46328,1
125192,0
43849,1
23272,2
130646,0
87474,1
79238,2
36842,0
3660,2
48337,0
62737,2
65542,0
26481,2
22929,0
82634,1
116398,0
23697,0
4064,2
125972,1
101125,1
61421,0
51797,1
96239,0
41595,2
6048,2
67256,1
47158,2
59392,0
69173,0
5551,2
41593,0
88115,2
57476,1
100875,2
97979,1
31243,2
97418,0
104019,1
55950,1
118114,0
50941,0
84048,0
68110,1
95959,1
52845,2
131135,0
40221,2
84286,0
92360,1
4281,2
100329,1
105275,0
115748,1
45273,1
121610,0
81774,0
31754,2
95069,0
77562,0
89204,2
101562,0
128991,1
110697,0
6667,1
65894,2
58128,0
110576,1
28863,2
86031,2
117601,0
86958,1
40801,0
75266,1
876,2
7064,2
16511,2
99414,1
58298,0
86948,1
55338,2
42224,0
103180,0
41539,2
49969,1
40613,1
80156,1
65080,1
127274,0
51254,2
4051,1
10843,2
130347,0
99856,0
29964,2
21588,2
50001,1
17594,1
123680,0
90462,1
63169,1
18136,0
21064,2
27806,2
10066,1
73712,0
11589,2
113637,0
105640,2
93496,0
113470,1
85518,0
51625,1
35625,0
2532,0
75722,0
99390,1
20803,0
75850,1
37373,1
105087,1
91144,1
49084,3
101321,0
70626,2
1749,2
94393,0
41294,1
112073,0
43291,1
78742,1
7433,2
29762,2
3381,1
118905,0
94432,0
67757,0
62130,1
39167,1
39010,1
116329,0
43143,2
61163,0
67401,1
2320,2
113982,1
8952,4
8075,2
52493,0
15496,2
127194,1
39813,1
15054,2
39723,1
40011,1
117613,1
35600,2
68411,1
109846,0
66525,1
90795,1
14956,0
124061,3
107689,0
113707,1
118687,0
4704,2
97935,1
79684,1
126607,0
47125,1
97610,1
55979,1
79757,0
29521,0
111609,1
27157,0
71179,1
91052,1
65692,2
123793,0
36215,2
63542,1
78380,1
37609,1
41759,1
40879,1
30536,2
128557,0
70512,0
77650,1
15304,0
109140,1
16367,2
77018,1
46699,0
130532,0
103105,0
29073,3
100346,0
75217,1
20928,0
124915,0
22605,2
5864,0
88510,1
122165,0
67003,1
103402,1
66368,0
6756,2
48796,0
5707,2
53589,0
125755,1
42737,0
129120,1
62231,0
117934,0
84691,1
71143,2
89137,1
68063,1
51291,1
7916,0
117385,1
75941,0
127996,0
59041,0
60347,2
52770,0
95577,0
41727,0
35137,0
57723,2
66926,1
16499,2
401,1
88239,1
1131,1
6177,1
107111,0
18553,1
59248,0
84840,1
20831,2
92329,0
38209,2
98290,1
61400,2
34180,2
11461,2
949,1
80783,0
127792,1
45128,2
90911,0
11494,0
6418,1
73289,2
14131,2
116001,1
49798,1
94528,1
60005,0
110319,0
37829,2
44926,1
129457,0
118270,0
23463,2
99406,1
12168,2
121781,1
54114,0
24375,1
74584,1
83765,1
27748,2
35499,2
22364,2
65892,2
14247,0
101962,1
37911,1
88878,1
13577,0
124219,1
85190,1
76264,0
30943,0
101363,0
118824,0
14777,2
95578,1
58388,1
90669,1
10618,0
35047,0
61530,1
96265,3
28501,1
67976,2
29240,2
128779,0
127920,1
110207,0
106496,0
101451,1
116092,0
54749,1
37416,2
54425,2
55815,1
78093,0
12765,1
45726,1
91895,1
86262,0
111260,1
37189,0
5794,3
119980,0
7128,1
31235,2
15969,0
94130,1
119361,1
110574,1
66121,1
31637,2
72137,1
83917,0
88573,0
59477,2
83627,1
91892,1
98495,0
775,1
106290,1
39810,1
99727,0
106316,1
25878,0
37521,1
50582,0
53540,0
128050,0
5851,1
65954,3
105117,0
38766,0
4040,2
6597,1
30316,2
64582,0
121414,0
37764,1
121168,0
104780,1
31759,1
5346,1
3701,2
15031,1
70209,1
74443,0
51285,1
58659,0
84569,0
8295,2
67455,1
13524,2
11118,1
27116,4
52213,1
35130,1
99962,0
56130,1
58795,2
67134,0
91469,0
55050,0
74322,0
10330,0
128394,1
51008,1
63066,1
9249,0
26938,0
11082,1
86471,1
93914,0
27362,0
95796,0
52146,2
2776,2
112494,0
41517,1
39506,1
27019,2
49888,3
108337,3
114503,2
87965,0
97105,0
60929,3
110066,0
91584,0
18185,2
104364,1
55969,2
13658,2
52298,2
105415,0
10813,2
85114,1
24595,1
41652,0
99834,0
97791,0
79779,0
25170,1
13479,1
55425,2
22051,1
7748,0
41806,0
92606,1
34192,0
35395,0
121577,1
14998,2
35424,2
48405,0
27542,3
17409,0
118296,1
100718,0
113916,0
10221,2
32569,2
109047,0
131131,0
86350,1
45639,2
98235,3
18922,0
95035,0
129363,0
14050,1
126703,3
88871,2
7201,2
73733,1
50977,0
63719,0
115444,1
95647,2
14704,2
14701,0
17002,1
41027,2
119504,1
112982,0
30016,3
78499,1
67893,1
74803,0
51811,1
44240,0
31862,0
61020,0
10216,0
40625,0
17860,2
6095,0
113605,0
44412,1
114601,1
58435,1
104069,0
3395,0
40207,1
94381,0
5938,1
88438,1
66035,1
49428,0
117354,1
107087,0
43272,1
4232,2
37894,2
81169,0
93370,0
89212,2
54293,0
7383,2
20821,2
63424,0
95962,1
78900,0
26324,2
9065,2
95963,1
39179,2
60307,1
106527,0
109875,0
63677,1
81082,0
104840,0
110553,1
106670,1
55884,0
46695,0
66315,0
20356,1
100484,1
79060,0
106555,0
30760,1
73160,1
124760,1
93299,1
8525,2
110521,1
24013,2
55543,1
95593,1
10408,2
105803,3
12942,0
19516,1
37517,3
92121,1
87559,1
15692,2
29383,1
123564,4
25397,2
76137,0
122739,0
13391,1
60435,1
126093,0
89237,1
110750,0
20970,2
29115,2
309,1
9758,0
94100,2
110212,1
124696,0
33880,2
77581,0
37090,0
16884,1
129170,0
18568,0
62760,0
105660,0
89162,1
99934,0
21835,0
4280,0
19447,2
107998,0
107528,1
57406,2
82040,0
63650,0
95236,0
47363,2
103744,0
32386,1
14636,2
21920,1
110936,0
6804,2
124916,0
10717,2
106990,1
26343,2
66398,1
95883,0
33936,2
19818,0
96575,0
66146,0
130270,0
67012,1
96681,0
27975,1
97320,1
62193,0
91569,1
65694,2
45705,1
109961,0
76070,0
111269,1
93014,0
111897,0
38905,1
81433,4
88039,0
98501,2
12846,1
90191,1
110523,0
65159,0
63923,0
30983,0
6148,2
62733,2
62669,0
47549,0
7027,2
72866,0
78688,1
129275,3
48549,1
53617,0
113695,1
113361,1
83803,0
86051,1
102105,0
37749,3
75843,1
123970,0
72826,1
27123,2
26821,1
38849,0
108587,1
59715,1
41449,1
120059,1
114329,0
129086,0
13043,1
12724,0
71395,1
31120,1
40035,0
85862,0
1728,0
92457,0
31484,0
25267,2
3200,0
82134,1
83971,0
101906,0
109989,0
92169,0
104715,0
63439,0
110744,1
83305,0
59369,0
11728,2
76718,1
88848,1
1941,2
52867,0
72456,1
20496,3
98467,1
102322,1
130641,1
105484,0
12255,2
67177,0
93180,1
72234,1
15530,1
120778,0
40240,2
111737,1
21591,2
86221,1
62364,2
92288,0
52988,1
59108,0
10658,2
68428,1
81466,1
24609,2
100613,0
30140,2
78967,1
47936,0
104246,0
1472,1
9663,2
6748,1
127270,0
60271,1
112757,1
24492,2
117239,1
107735,1
124153,3
65132,2
80332,0
81558,0
116073,0
4851,2
59159,0
56339,2
93600,0
63920,0
26635,0
73328,0
49694,1
96137,0
23337,2
9197,1
32817,2
17975,2
58080,2
34921,2
117226,1
6738,2
39830,2
10026,1
41654,1
110192,0
59836,0
103359,0
16441,1
56885,2
61373,1
83033,0
127020,0
95746,1
76306,0
106696,1
43623,2
41491,1
5614,2
129080,1
118374,1
43583,2
61287,1
65019,1
114731,3
324,1
107906,1
108599,1
39981,0
21436,0
55650,1
87771,1
72160,1
13109,1
42451,2
69899,0
126034,1
106083,0
97531,1
63509,0
120855,0
45616,1
99005,1
84625,1
105998,1
56762,2
88311,1
114318,0
30602,1
115728,1
38850,2
67693,1
45604,0
113282,1
120627,1
121202,0
33555,1
129333,1
115978,1
101044,0
6110,2
5772,1
112886,0
27346,1
101199,1
38045,2
74008,3
31095,2
84598,1
116317,1
79219,0
4545,2
52138,2
10576,2
44288,0
70797,2
21107,0
53818,2
36933,0
11906,2
112672,1
30811,2
120730,0
81415,0
90061,0
17392,2
125648,0
3337,2
20992,1
14949,1
7020,2
63744,1
77341,1
7298,0
111500,2
97246,0
128967,0
25894,1
23314,3
114178,0
36040,0
50431,1
59519,2
6351,0
95931,1
85762,3
127911,1
21350,2
83092,2
88847,1
40357,0
24035,2
6832,2
106413,0
82991,0
18509,1
10157,0
106439,4
44343,1
30546,2
59636,0
62204,1
111665,1
77032,1
2104,2
64432,0
131099,0
49566,2
49579,1
25915,1
24018,0
55299,0
91082,4
105223,0
69348,0
120215,0
24672,2
114688,0
106461,1
28254,2
124376,1
120539,0
18035,0
72142,1
6865,2
94645,0
92560,2
128473,0
120971,1
114623,1
51741,0
113568,1
54514,1
53216,0
4402,3
96617,0
54905,2
123599,1
50410,0
3161,2
104571,0
121659,0
103427,0
112520,1
130233,1
104807,0
81366,0
43078,1
72912,1
103327,1
19185,2
72710,0
5884,1
77708,2
68338,0
116501,1
72825,1
39016,0
109573,0
6213,2
112835,0
121066,1
38466,1
58665,1
10654,2
32455,0
95333,1
19592,2
121395,0
53220,2
64231,1
123083,0
42357,4
1841,2
16069,0
111536,0
64819,0
26791,1
5799,2
56465,0
1002,1
29823,2
30282,1
80369,1
91004,1
59627,0
39382,2
25855,1
112592,1
63129,0
61493,0
89763,0
65672,1
112841,1
90224,1
60247,1
94763,0
71666,0
69091,0
83648,1
125044,1
116863,0
100669,0
124262,0
84810,1
970,1
63267,2
128410,0
36885,2
62902,2
51438,0
27496,2
80985,1
114552,1
18041,2
44144,0
36255,2
126788,0
4116,2
71510,1
107272,1
125767,0
125548,0
33599,0
32929,2
2683,2
64933,1
67210,2
54411,4
110141,3
28009,1
115687,1
109700,1
11547,1
128632,0
8852,2
59093,2
12482,1
72508,0
64638,0
101361,0
110926,1
105636,1
105604,0
57898,1
14370,0
97261,1
28221,1
68510,2
36906,1
105059,1
62334,0
120013,0
41490,1
112515,1
91304,0
83125,2
115137,2
16113,0
47399,0
34035,2
19518,2
110348,0
116471,1
54509,1
112675,0
32553,1
60208,2
81127,0
46370,0
114195,0
19203,1
51688,0
25488,2
9024,1
23090,2
4577,2
101679,1
65926,1
68720,0
101007,0
53068,2
93987,0
49071,1
95915,0
56612,0
46455,0
56296,1
112906,0
101793,1
110945,0
11980,2
59748,1
52844,1
96522,1
62441,0
10436,1
118282,1
52863,0
22384,2
89884,1
127160,0
65678,1
50363,1
72366,0
104872,0
81250,2
120315,0
68504,1
12484,1
99114,1
72479,1
22509,0
44997,2
77319,1
43718,2
39002,1
33225,0
20560,2
21704,1
9364,1
113214,1
49550,1
34705,1
105462,3
113506,0
29881,2
32589,2
125640,0
18762,1
18901,0
94828,1
59933,0
66649,2
86447,1
36010,0
89176,2
56823,2
119152,0
33250,0
70666,0
26764,0
96850,3
80139,1
94902,1
10790,1
92751,1
63662,1
6062,0
15736,1
123946,1
41551,2
47088,2
104483,0
76175,1
60338,1
126685,1
24683,0
59926,1
52037,0
56787,2
41015,1
92874,0
8851,2
63817,1
68035,1
76061,0
123535,0
29864,2
24728,0
58716,0
120711,1
124263,0
87573,1
70987,0
116901,0
125298,0
87512,1
60807,0
17613,2
74738,1
69968,0
43681,2
124928,1
104103,0
86943,2
41169,0
13756,1
18347,2
29781,2
82703,1
101243,1
73582,0
32529,1
27439,2
71928,1
86823,0
64995,0
62470,1
56996,2
3113,3
43598,1
69148,0
130681,0
116660,0
42831,2
31393,1
45861,1
85101,1
121422,0
53357,1
55660,0
102095,0
96933,1
35741,2
126079,0
66353,0
69781,2
66371,1
77529,0
80467,0
21250,0
36711,0
23414,0
99729,3
72895,1
72960,3
69129,0
52489,0
21397,1
129816,3
129256,0
39087,2
111914,0
43004,1
44593,2
110079,1
6452,2
7156,1
27986,2
84319,1
59626,1
123976,0
56667,0
114351,0
51190,2
80111,1
85011,1
101082,1
126467,0
113456,1
23168,0
121644,0
94479,0
52437,1
42104,1
104864,0
123742,0
68924,1
66895,1
59394,1
107358,1
84126,1
31824,2
108040,0
3076,1
106694,0
99815,1
103132,0
30843,1
59334,3
78997,0
72314,1
19899,2
72529,1
15626,2
88849,1
50161,3
13279,0
73931,1
120202,1
31249,2
14843,2
55454,2
122848,1
2259,3
42419,1
86557,0
91615,1
17170,1
2937,2
40006,2
100988,0
18046,1
110577,1
30818,2
107678,0
19605,2
80215,0
82422,1
40516,2
27016,2
106253,1
84885,0
60202,1
10817,2
28661,1
21731,1
124585,1
58208,2
78999,0
23282,2
886,1
26785,2
43080,1
106293,0
15613,2
78098,0
72140,1
81188,0
14657,1
63834,2
20327,1
104614,0
36905,0
29891,2
35704,0
80556,1
11389,2
71239,0
61288,1
26882,1
114637,0
32044,0
57845,1
53519,0
2734,1
113747,1
44875,2
61308,1
102607,1
70964,0
45997,1
55196,0
14579,1
48607,0
54498,1
106950,0
24990,3
91363,1
59292,2
17919,1
9146,2
35345,2
19373,0
22349,1
22396,2
129125,1
77030,2
35204,0
113619,1
124466,0
41547,2
68572,1
109911,1
75514,0
40911,1
99296,0
96004,1
57871,1
49583,2
44853,2
3509,1
9600,1
81915,1
18649,1
17001,1
67888,0
100347,0
26555,1
125904,4
50190,2
25508,0
57833,2
55870,0
52547,1
68852,2
90366,2
93466,4
117200,0
126764,1
122867,0
90315,1
59447,3
39590,2
53700,0
112618,1
17479,0
121352,1
28354,1
91093,1
46844,0
83315,0
22296,0
82330,3
125564,0
95163,1
115937,1
90441,0
71415,1
81221,0
20818,0
55247,1
31894,0
126289,1
13380,2
34014,1
78516,0
41447,2
116015,1
13674,0
15996,0
64661,1
120651,0
105861,3
37946,0
96420,1
81875,0
89957,1
89061,4
63158,1
86932,3
78075,0
62764,0
38614,2
27942,1
57585,3
22934,2
42274,0
25535,2
20959,0
28447,0
127145,0
38340,0
26970,2
82626,1
20986,1
74749,2
43445,2
68030,1
30820,2
117062,0
95219,1
74244,0
95296,0
201,1
80504,1
119087,0
43818,2
49844,1
117273,0
32102,1
21321,2
32375,0
106003,0
31387,0
87867,1
106657,0
74932,1
126582,0
65023,1
30490,0
2132,1
67415,3
35290,1
118528,0
9641,1
81896,1
54233,0
122983,0
43695,2
84400,0
85963,0
100729,3
69256,2
57188,1
51206,1
76984,0
80207,0
20347,2
42426,1
121711,0
123331,0
117205,1
70541,1
109411,0
34264,2
122621,0
42122,1
42835,1
72893,2
32462,0
8931,2
65134,2
121591,3
35606,0
32561,1
129547,0
124618,1
27889,2
17109,2
57652,1
41293,1
120256,1
126706,1
78991,1
34375,2
101856,0
41468,1
63660,1
87860,0
23037,1
106618,1
31794,1
58512,1
3095,1
31121,2
112814,1
80889,1
72363,0
14474,2
21276,2
82471,0
121709,0
38094,2
122599,0
40559,2
44095,2
51204,0
127323,0
41880,2
103522,0
71909,1
34943,2
10947,0
75144,2
94581,0
52506,1
117104,1
52094,1
57674,0
98913,1
84923,1
49418,0
26587,0
67312,1
25783,2
17892,2
44131,2
1550,1
83808,1
80563,0
96000,0
122164,0
63774,0
74938,0
53237,0
18952,2
63316,0
58934,1
78888,0
130005,1
61659,1
42735,0
88066,0
115870,1
122803,3
48240,1
49706,1
56288,2
83970,0
79193,0
34427,2
69161,0
7740,2
7187,1
114235,1
2513,0
102612,1
107960,1
29360,1
13770,1
44705,2
12187,2
4118,2
38647,0
25687,1
15978,2
57930,1
55359,2
25087,0
96385,0
77851,0
116936,1
125975,0
61990,2
61070,0
104609,1
45282,0
61872,0
91268,1
39439,2
87907,0
22023,0
59438,0
103705,0
54305,2
40032,0
118641,1
16780,2
15753,0
42328,1
27459,0
131219,0
91475,0
8667,2
67272,2
30362,1
57785,1
31467,2
17262,1
4639,1
58751,2
3804,2
121761,1
105192,1
18446,1
58969,0
103237,0
37398,2
58152,0
25810,2
74414,1
123299,0
124282,4
32226,2
3617,2
75732,0
54009,2
35532,1
45208,1
92110,2
101883,0
124236,0
9203,0
114608,3
7924,2
116447,1
63790,0
3976,1
6555,2
77788,2
72202,2
124488,1
129272,0
92367,0
44150,1
69950,1
49219,0
105044,0
84778,0
54953,2
5401,1
125018,1
70866,1
65989,2
77778,1
35056,0
37266,0
270,1
24378,0
30670,0
117213,0
27457,1
40298,3
122542,0
122969,1
71741,0
29803,0
11554,2
8311,2
27756,2
129517,4
125806,0
82814,0
103661,0
52228,2
21862,1
5979,2
3887,0
103257,0
44749,2
87903,0
49301,2
127553,0
62883,1
31865,2
66281,1
50895,0
94717,3
19916,2
16431,2
19458,0
15566,2
117398,0
37494,0
106541,1
34222,0
103902,1
21756,0
87603,0
75942,0
37802,0
34800,1
59102,0
28978,2
60733,0
10883,2
58638,0
65571,1
2605,2
9193,2
130081,1
97959,0
108206,1
121132,0
50879,0
2324,2
48026,2
49065,4
30812,1
56217,2
117461,1
94477,0
13705,1
89983,0
111226,1
90305,0
22461,1
116845,1
16513,0
41856,2
103386,0
91231,0
13327,1
76320,0
108127,1
5059,2
19534,2
78293,0
39609,0
34903,0
25997,1
7395,1
116080,1
88785,0
56871,1
52070,0
129578,0
57994,0
23797,1
66294,0
23573,0
51162,1
3615,1
130203,1
49520,1
42615,1
58307,1
9025,2
39493,2
96534,0
93613,0
116486,0
91546,1
59419,0
104257,1
89607,1
38001,0
122081,0
74925,2
75934,0
94827,1
22006,3
56461,0
44012,1
87539,1
18125,0
10140,0
82900,0
67397,2
94728,1
114848,1
64526,2
25119,2
77320,1
6582,1
94970,2
119748,0
66472,1
61443,1
77437,2
93411,1
46859,1
57008,1
83054,0
4472,1
83501,1
2502,2
31255,1
47682,1
87805,1
114343,0
1349,2
2086,3
112903,0
15087,0
12808,2
92466,0
25543,2
42557,0
61345,0
51540,1
66725,2
34997,0
62864,1
27173,0
84524,0
55209,1
88557,1
16795,2
94185,0
95010,1
44110,2
24786,2
2062,0
94395,1
63309,1
88305,0
12074,2
29040,1
126044,1
1956,2
118950,1
113303,0
55637,1
84043,0
71994,1
94435,0
13072,1
40848,0
110971,1
94663,0
124220,0
22775,2
80677,1
70617,2
22428,2
97698,1
64493,2
23136,2
35684,2
66364,0
77356,0
107719,0
39094,2
103554,0
88949,0
81390,0
36340,0
18567,0
114748,1
27421,2
119621,0
119039,0
74109,1
23861,1
31814,1
121721,0
83099,0
49519,2
129722,0
19245,0
64609,0
27604,2
62585,0
13282,2
12993,2
44742,2
47215,1
2115,0
7215,1
18102,2
42934,2
111657,1
22001,1
107394,0
16998,2
92397,1
90637,1
65531,0
8995,1
94078,0
44914,1
55302,0
76236,0
105476,1
55851,1
63065,2
7843,0
99310,0
115910,1
39703,1
2724,1
122927,1
91127,0
40179,2
57758,1
72520,2
113953,0
129921,1
36332,0
79213,0
117238,0
65931,1
87240,0
65096,1
90617,2
80676,1
33641,2
34613,2
87727,0
127220,0
70594,0
69186,2
61765,2
86344,1
80582,1
40465,2
2110,2
66173,2
115950,1
10299,2
49551,2
38033,1
66521,1
116973,0
69003,1
26591,0
101410,1
120472,0
17575,2
83742,3
76927,0
86578,0
116832,0
105819,1
54301,0
94212,0
71623,1
56717,2
54956,1
92155,1
98542,1
60025,0
65956,1
116086,2
57510,0
7077,0
1879,1
121408,0
28995,0
71219,1
108148,0
87186,0
45646,0
77278,0
50024,1
129289,1
118790,1
26759,1
58850,2
120876,0
109718,3
3288,2
32586,2
42883,2
49313,2
19141,0
76473,0
33564,2
123200,0
37833,3
118301,1
48729,2
127156,1
32435,0
127399,1
2831,2
28553,0
104453,1
66582,1
45067,1
77923,1
10365,1
26679,0
41180,1
105916,1
45905,2
74876,2
447,1
20173,1
61014,0
54611,1
63941,0
106739,1
99455,0
57208,1
104822,0
62622,1
80417,1
101174,4
114767,1
33019,0
49232,2
73971,0
90691,0
25320,1
24784,2
3600,2
19753,1
92682,1
29568,1
6974,2
100461,1
85117,1
81860,3
49193,0
12253,2
31329,2
124275,1
46301,2
123321,1
104416,1
55868,2
47302,1
67111,1
9138,1
101826,3
27448,1
107726,3
41413,0
62353,0
13915,2
50954,0
108681,1
57111,1
16885,0
50523,0
81173,1
48410,0
121501,1
120105,1
65699,1
66117,2
27903,2
15829,0
76756,0
98726,1
48173,1
80569,0
7104,0
76636,0
19030,2
73737,1
118996,0
29724,0
36016,0
65574,1
53284,1
11203,1
95423,1
59134,0
74173,0
98782,1
65686,1
25674,2
126720,0
53353,0
101937,1
59832,0
29262,1
76466,1
121043,0
43033,1
52356,0
104465,1
44129,0
13816,1
56320,2
70380,0
674,1
46568,4
61095,0
22676,1
43354,2
67822,1
85288,0
126519,1
113810,1
68265,0
18022,2
78001,1
77931,3
83252,0
53951,1
6965,0
60465,0
29174,2
56300,0
90464,1
105427,0
110831,0
119593,0
114132,0
121051,1
57220,1
83066,1
74784,1
124307,1
117380,1
34074,2
116507,1
122758,0
68933,1
54625,2
88276,1
99416,3
104827,0
57075,0
67686,0
89701,1
25662,2
81687,0
32372,2
62899,1
95767,1
65482,0
40371,0
65959,1
107751,1
29413,0
61989,2
43530,2
109505,0
56323,2
28249,2
49191,0
12560,2
73081,0
42458,2
123385,1
75367,1
106850,0
59880,0
37657,0
106249,0
102888,0
115709,0
14061,2
76091,0
61231,1
36614,2
16095,1
23768,2
14603,1
92373,0
100629,0
43616,1
56493,0
125232,0
50981,0
118742,0
125903,0
61092,0
107024,0
20209,0
94274,1
43573,2
12004,2
45336,0
111867,0
64909,2
20677,2
27486,1
115379,3
32280,1
6404,0
43917,1
111673,0
64391,2
123608,1
104298,1
71866,0
47435,0
64131,1
116297,1
17805,2
42906,2
15951,2
45901,2
102562,0
44909,2
75130,2
126891,0
46550,2
57640,0
48759,2
83377,1
72880,0
78350,2
112398,1
130812,0
43630,2
71930,2
26288,2
105263,0
61204,2
1108,2
121315,0
120936,0
81045,0
118760,0
29321,1
77380,0
103054,0
22018,1
39036,1
94874,1
58069,1
124895,1
85725,1
13203,0
4900,1
25898,1
22962,2
41075,2
45827,2
104384,1
21611,1
85450,0
26034,2
60201,0
130426,0
36721,2
54676,2
93956,1
89010,1
66265,0
85142,1
82038,1
45555,0
43409,0
18495,2
114222,1
113403,2
78505,0
22070,1
106425,0
74203,2
14044,3
110666,0
32490,1
90985,1
110145,0
52455,2
9801,0
2097,1
24580,1
106814,0
68954,2
60984,0
73804,0
30823,2
121945,1
29981,2
83380,2
71648,2
89201,1
70493,0
82173,1
96882,2
129957,0
86632,1
80443,1
10979,1
67479,2
95521,1
50242,1
90579,1
23286,2
57053,1
53643,1
55854,1
80124,1
128360,0
85876,0
75647,0
78891,1
20073,2
46247,2
14771,2
17549,0
8034,3
21665,2
16904,0
15651,2
114243,0
83207,1
41797,1
122705,0
8008,1
114369,1
49536,2
128226,1
77141,0
100440,2
85396,1
42308,1
105526,1
55539,2
14004,0
71183,2
9274,2
70292,1
16051,3
72143,1
35275,0
5638,0
9897,1
6323,0
65698,1
18530,2
85688,1
85236,1
52230,2
7525,2
72668,0
103515,1
121488,3
80777,0
123857,0
68732,1
101286,0
115502,0
44567,1
84035,0
18779,2
113927,1
44301,2
45584,0
29143,0
124479,0
55239,2
127050,0
52567,1
25969,3
119170,0
86272,0
77971,1
85796,0
32447,2
113418,0
127485,1
86999,1
120633,1
89056,1
64448,0
62359,2
127423,1
119205,0
45222,1
60802,1
75796,1
25846,2
97568,1
84262,0
101862,0
20920,0
56895,2
44044,2
69861,1
83897,0
18684,0
28159,0
63481,1
79981,0
78120,0
38641,0
36493,2
103645,0
63635,0
59533,1
32763,1
123473,0
80526,1
80713,1
4060,2
43641,1
96509,1
41117,0
120476,0
2687,1
23445,2
104966,0
11321,0
27709,2
67611,1
73896,1
8341,0
56128,1
54060,2
110289,0
8098,2
32200,2
82786,0
142,1
1618,2
125433,0
29845,2
20798,2
125718,1
113923,0
67196,2
39540,2
53431,2
122745,0
61582,1
46847,1
29005,3
76343,2
12804,0
89611,1
116839,0
56969,2
20797,1
647,1
29901,2
121652,0
77226,0
16688,2
70810,1
28472,1
57951,0
52427,2
107023,0
60056,0
90704,0
53151,2
37913,2
7336,1
70133,0
115756,0
117825,1
17063,2
5705,2
112116,1
105512,0
111292,3
41829,2
24175,0
23891,2
82740,1
65026,1
80029,1
111221,1
114085,1
37577,2
8617,1
5464,1
49345,0
113111,0
4270,0
11402,0
8841,1
198,1
120404,0
10881,0
97490,0
83659,1
4068,2
41890,1
64318,0
93784,2
32114,0
71529,0
111413,1
62700,2
28427,1
97056,0
88693,1
84038,0
91870,0
28720,1
42626,0
56719,2
28348,2
88950,0
66020,2
40947,1
33294,0
127250,3
38103,2
43645,2
127681,0
85625,0
16240,2
20361,2
39861,2
28862,2
96075,1
98108,0
16579,2
72850,2
36083,2
130228,1
63669,0
6245,3
72186,2
29586,1
119133,0
24171,2
62092,1
51709,1
10942,1
104012,1
34071,0
34981,0
54992,2
100070,1
83039,1
65965,0
124681,1
55400,1
130938,0
99021,1
47263,2
42277,0
87285,1
35335,2
104050,0
64562,0
2258,2
9209,2
78454,1
130024,0
125105,1
65474,0
7623,0
32358,0
58658,0
45472,0
26621,0
19570,2
40037,0
105872,0
99550,1
126224,0
105859,0
67091,1
35015,0
92844,0
121153,0
91909,2
95545,1
107988,4
122216,0
70435,1
43367,2
26131,1
76744,1
123949,1
28423,2
39947,1
83839,0
46406,1
63485,0
40962,1
124463,0
100456,2
24396,1
9338,1
108168,3
124544,0
59011,0
18398,2
44052,2
38987,1
116824,0
98783,1
52038,0
78918,0
21926,0
66508,2
99955,1
23611,1
84534,0
94855,1
3483,2
80031,1
64185,0
99875,1
28828,1
83263,0
19849,0
787,0
19468,2
89058,1
68409,2
32594,0
105376,0
128075,0
53729,1
12072,2
39152,2
110465,0
32340,2
20972,2
13590,2
109297,1
106947,1
50647,0
111247,1
75471,0
101014,0
104841,0
93638,0
10276,1
26266,0
116777,1
42161,1
2968,1
106825,0
105007,1
23163,1
108405,1
56142,1
81162,1
88149,1
129662,0
1449,2
114036,1
55577,1
117098,0
72023,2
54747,0
23176,2
63112,0
50537,1
106436,0
79162,0
85871,0
78635,1
74679,1
4940,1
34191,0
49702,1
39635,2
82713,1
50671,1
130252,0
27084,0
96695,3
80661,1
114101,0
108973,0
41513,0
42683,0
95787,1
10570,2
2807,2
22494,2
89564,0
40886,2
69713,0
89356,1
71958,1
76115,0
93820,0
81074,0
1199,2
81224,3
119768,0
34616,2
9624,1
108472,1
17359,2
105027,1
32188,2
87068,1
19152,1
78390,0
91284,0
26973,0
13656,2
41175,0
104423,1
39149,0
93628,0
119161,0
60476,2
89558,0
130521,0
110735,0
27665,1
120295,0
980,2
110598,0
10835,2
60170,3
10744,2
78171,0
16210,1
80492,2
93958,1
45801,1
46239,2
24812,0
34438,2
17915,2
18832,1
40525,2
13195,1
8535,2
26845,2
58554,2
86168,0
118857,0
60221,1
105933,0
37857,2
115032,1
50662,1
13370,1
95629,0
76671,1
44163,1
130080,0
71825,0
86432,0
93519,1
1938,2
113596,0
102930,0
48269,2
79856,1
66662,1
123348,1
36048,0
102857,0
48592,1
125029,0
22239,0
68522,3
111448,0
125277,0
12325,1
5154,2
92237,0
15435,1
100519,0
47516,0
71911,1
12995,2
48252,0
2796,1
42833,1
105597,1
118046,1
47823,0
45356,0
99775,0
115335,1
6843,2
94112,1
60629,1
97890,1
115317,1
61487,1
69762,1
22367,2
29952,1
18391,1
70121,0
79157,0
14766,0
43893,0
63812,0
64709,1
38256,0
67193,2
110279,0
50114,0
17978,1
116773,1
62018,1
126307,0
30356,0
46173,0
98074,0
83779,1
6186,2
31797,3
98432,1
14790,2
97752,1
101275,0
53845,1
42547,2
123226,1
19428,2
15697,2
34310,2
21273,2
100597,0
37526,0
80236,1
21463,1
109039,1
51776,1
12732,2
32989,1
118575,0
69291,1
69375,1
102953,1
33946,1
274,1
57084,1
43157,1
23456,0
94406,1
113826,0
49462,1
97514,1
106111,0
29536,1
23025,1
9043,2
115241,3
80686,1
40569,2
125181,1
127852,0
104159,0
10762,2
101977,1
14009,2
48973,1
7105,2
45341,0
8773,0
92173,0
52128,2
100192,0
43834,0
125552,0
108505,0
58212,1
110204,0
35598,0
113728,0
17419,0
49880,2
9482,0
13505,2
55740,0
64774,1
71926,1
105536,1
58571,2
131110,0
51650,1
10829,1
54965,1
125898,1
95750,0
50858,0
19339,0
67814,2
103049,0
93261,1
114838,0
5210,0
51737,0
65804,1
35240,1
10415,0
96230,0
27884,1
98607,0
92150,1
76217,4
17018,2
26704,3
128739,0
21502,2
39039,0
36325,0
48082,2
74428,1
91557,1
19911,1
52609,2
20188,1
57035,1
43076,1
66164,0
7547,0
83243,1
120052,0
64639,2
109081,1
92644,3
92200,0
125782,1
46206,2
67788,1
37949,1
120622,1
59391,0
104896,0
90345,2
46884,0
106757,2
46735,3
47239,0
76994,0
76388,1
107531,1
66676,2
15042,0
93508,1
12786,2
8745,2
2328,1
15820,2
127019,1
43046,0
120554,1
70833,1
5467,2
2136,1
11942,2
47370,1
38326,0
86579,0
75284,1
120313,0
36485,2
28319,2
51210,1
18719,0
44712,2
79826,2
5137,2
95764,1
121170,0
38853,1
45372,1
60838,0
44911,2
28707,0
99306,0
115649,0
95050,1
51068,1
54095,1
129367,1
37852,1
88781,0
37376,0
112096,1
70844,2
87376,1
43985,2
129955,0
31517,0
63147,1
24605,2
129314,0
101775,0
43981,2
56157,2
115473,1
55185,2
86835,1
37160,0
49977,1
117368,0
119379,0
25311,2
124272,1
45484,1
85519,0
35250,0
114630,1
21608,2
115943,0
31773,2
119274,0
71429,0
73141,3
127063,1
26711,1
68605,2
63418,0
128044,0
45882,1
53470,2
14173,0
17703,2
54472,2
98739,0
95600,0
87113,0
113921,0
79875,1
2504,1
42848,1
82708,3
11886,2
84359,0
108798,0
89207,1
119689,0
127021,0
51146,1
119795,0
15943,0
98954,0
40184,1
56024,1
25647,2
35067,1
78889,0
98981,0
99845,0
9207,0
111574,0
80159,1
126274,0
106543,1
101415,1
114632,3
38339,0
67544,1
56444,2
118039,1
120344,1
91156,0
108504,0
65690,1
25749,0
38251,0
56100,3
88544,1
48863,0
91850,1
378,1
26549,2
37989,0
78899,0
9400,2
117817,1
89659,0
126423,1
12966,2
89198,2
7524,1
103415,1
85446,0
97965,0
47268,2
95196,0
26164,2
84316,0
68608,2
83372,3
4903,2
6184,2
128406,0
29064,0
40346,0
70612,2
39971,0
4059,0
79394,1
130083,1
73472,1
29368,2
128542,0
10039,2
126613,1
39845,0
34965,0
15200,1
78969,2
128907,0
39417,2
51124,1
70879,1
126896,0
52402,1
43260,0
122588,0
18956,0
23355,0
40186,0
55436,1
119219,1
4939,0
44157,1
124321,1
62447,0
120492,1
77208,1
28607,4
88468,0
67354,1
65395,1
54789,2
40847,0
121430,0
78079,0
79269,1
40359,1
3310,1
62455,1
11562,2
72348,0
35831,0
103907,0
56029,1
80299,0
24565,2
46945,0
31395,1
97483,0
41926,1
26174,2
114887,0
103899,1
52564,2
110522,0
82329,3
114283,0
90950,1
26077,0
105574,3
86225,3
77659,1
110796,0
27028,2
97448,0
23812,1
53180,1
73341,3
81328,1
46462,0
125793,1
10641,2
97528,1
58681,2
50133,0
92015,0
57309,0
46549,1
78526,0
84820,0
15501,1
97766,0
62436,2
33211,0
82846,0
4813,0
86220,2
85046,1
125753,1
106324,0
107976,0
130364,1
81497,0
15838,0
6391,1
28921,2
76529,1
49721,1
74350,0
72768,2
40116,1
97441,0
18576,0
44123,0
1852,2
46230,2
43633,2
4981,2
92418,1
35858,2
97548,1
41639,1
47514,2
25520,2
80194,0
105347,0
69733,1
51624,1
49023,1
107610,0
65076,3
108597,1
118746,0
100534,1
122159,3
49311,1
128627,1
33647,2
70552,1
101812,0
77854,0
67208,1
71170,1
56544,2
44509,1
68558,2
120744,1
55938,1
86294,0
98601,1
13198,2
31397,1
130140,0
69413,1
105220,0
30308,2
58034,1
39558,2
85522,0
57136,2
58061,1
80064,1
7968,1
82669,0
33815,2
9158,0
37810,0
79310,2
43317,0
66801,1
120527,1
804,2
69982,0
5533,0
40231,1
36998,0
36570,1
93327,1
75778,0
69732,2
14321,2
66350,0
19537,2
103758,0
5649,0
78415,2
14304,0
11405,1
57308,0
97299,1
66432,1
37288,0
94143,2
45808,1
100609,0
14114,2
22915,2
120909,1
18749,2
106778,0
78939,0
22326,2
31502,0
106360,0
58508,1
65352,0
55447,2
33021,2
25042,1
121923,0
55588,1
94555,0
99466,0
76995,0
121755,0
70311,1
39173,1
118513,0
30219,1
60657,2
103893,0
116588,0
42610,0
18191,2
84550,0
60862,0
19419,1
93512,1
97396,0
66584,2
75425,1
60950,1
85253,2
101579,0
95045,0
74118,0
56566,0
68660,1
86312,1
35103,1
115410,0
19998,1
55551,1
104727,2
3182,0
125824,1
57070,1
94696,1
62227,0
25004,2
40608,2
95288,0
129459,0
90858,1
17590,0
49980,2
94474,0
93567,1
87915,1
96027,0
122800,0
49479,2
78474,1
106600,1
77873,1
70722,1
21448,1
107003,0
61694,1
108147,0
99906,4
63237,1
56617,0
63999,0
120808,0
71702,0
68133,1
42561,0
73810,0
105349,1
31062,0
70642,1
10214,0
124621,1
59579,2
121621,1
44260,1
42969,1
2029,2
107686,0
123811,1
94933,1
68090,1
16528,2
112266,1
56074,0
98057,0
58340,2
118633,0
91303,0
63614,2
99998,0
31755,1
24973,1
16514,1
122872,1
45158,2
66695,1
94045,1
93540,1
68375,1
124323,0
118265,0
2447,1
81836,1
111978,0
39527,2
89220,1
1599,2
91196,1
48272,0
78523,1
34316,2
13238,2
43984,2
33305,0
39754,1
50052,1
113268,0
41909,2
92442,3
46199,0
20427,2
66259,3
31003,2
98948,0
50482,2
131107,0
113352,0
98885,0
11491,1
44647,0
97785,0
92339,0
131199,0
13897,2
118657,0
95000,1
36865,2
42469,1
46756,1
50792,0
94600,0
73856,1
93551,0
109123,0
71783,0
16042,2
62180,1
47203,1
24380,0
7168,2
48578,0
102740,1
116383,0
4021,1
34901,0
77187,0
80964,1
52711,2
14339,0
43236,0
10294,0
71001,0
1430,2
39594,0
47389,1
3995,1
113459,1
106236,0
54541,1
123195,0
109957,1
129898,0
88698,0
70772,1
96180,1
100816,1
32384,1
1181,1
112868,0
33600,1
7427,2
115285,3
19057,3
87633,1
117680,1
646,2
100207,1
112668,1
130740,0
106268,0
118304,1
81003,1
86263,0
45620,0
125882,1
116924,0
36063,2
52759,0
108016,1
131022,0
18490,0
39638,0
15340,2
55216,2
112866,0
57617,0
16001,0
62198,1
37720,2
22422,1
125163,1
30039,2
59576,0
105344,0
54168,0
38542,1
80877,1
42263,0
125458,1
122568,0
26653,0
118896,0
11572,2
56728,1
31922,2
95781,1
90255,0
21194,2
126246,0
118443,0
52751,0
72823,1
113276,0
47251,1
103330,0
70225,2
50962,0
12739,2
19915,1
48396,0
99982,0
125129,1
7230,2
9410,2
24092,0
20801,1
69931,1
27923,0
1107,1
32351,2
44136,1
89875,1
97450,1
31907,1
39765,0
107429,1
35997,0
86699,1
88827,2
9980,0
48466,0
119809,0
81812,0
73652,1
36743,1
84311,0
111823,1
32377,2
35366,1
44922,2
23661,0
90714,0
24953,0
72049,2
31955,2
96121,1
109273,1
70695,3
94629,0
9358,2
8092,2
122949,0
60803,0
59239,0
112229,0
75323,0
29019,0
72481,1
101309,0
4568,2
38296,0
65085,2
12492,0
128760,0
27187,2
34926,0
19272,2
16624,2
22688,2
593,3
78898,0
86921,0
35199,0
50223,0
8588,2
80466,0
34137,0
57495,2
47603,0
27389,0
100867,0
53204,2
53794,0
47231,1
116986,0
64718,1
17995,1
8743,1
23343,0
21337,1
18519,2
93945,1
83487,2
109313,1
97036,3
76798,1
30835,2
22587,0
45789,2
104662,1
49363,1
25871,1
104288,1
88620,0
15516,1
81306,1
52093,2
54713,2
65487,0
40746,2
120275,1
90533,0
36216,2
70884,1
47714,0
127315,0
18352,1
124656,1
90186,1
35940,2
106791,1
77942,1
67451,0
88412,1
102329,1
79284,1
46494,1
120578,0
60836,1
51439,0
84125,1
110340,1
24697,0
72770,1
121854,1
46102,2
83382,1
33148,0
28116,0
114720,0
115391,1
127477,0
4083,1
56277,1
66337,1
21286,2
120716,1
87003,0
48684,0
110165,0
121850,1
44393,3
56347,1
97622,0
69357,0
50153,0
91117,0
63484,0
6334,2
60958,0
6355,2
106528,1
24348,0
124831,0
82972,1
30419,2
45481,2
95393,1
32164,2
4906,2
33499,2
47666,1
36532,0
16578,1
16054,2
33047,1
129049,1
68503,1
125747,1
125791,1
80191,0
35090,0
84692,0
36391,2
20847,2
123308,0
35396,2
2391,2
55939,1
61983,2
116898,0
811,1
94098,0
111285,0
87716,0
72368,0
35642,1
92363,1
112972,0
3885,0
27088,0
51835,1
56033,1
124039,0
71300,1
120171,0
28473,1
61435,2
108924,0
67553,0
103897,1
71697,0
62153,0
57527,1
72634,1
32082,0
57453,2
75151,1
4988,0
15976,0
125813,1
90077,0
39598,0
117682,0
76582,1
15465,2
79786,2
39521,2
97962,0
67347,0
108065,0
82887,0
126294,1
57736,1
90658,0
67809,1
8547,2
34034,0
64804,0
3955,1
67335,0
127720,0
58184,0
44634,1
59479,1
29291,1
36889,0
100575,0
1807,2
62075,2
25831,0
25763,0
10239,0
106894,1
115874,1
61051,1
36471,2
25971,2
54981,1
42976,1
85881,0
82567,1
72007,1
66032,0
130050,1
32957,1
64836,0
100104,1
68521,1
79147,1
65275,2
82829,1
64251,1
99957,0
55287,0
53395,0
88099,1
63460,0
40418,1
126110,1
85191,1
60284,0
64500,2
118500,1
36261,1
51763,0
53545,1
64352,1
29826,1
95367,0
12898,2
103272,0
46133,2
89130,1
68298,0
6763,2
129297,0
76903,0
16302,2
96974,0
36209,2
110301,0
46684,1
90749,0
52758,1
24493,3
107133,1
85394,1
62434,0
9526,2
87101,0
72837,0
100839,0
38091,2
58372,2
73117,1
21549,2
126643,1
91335,0
102255,0
111726,0
59268,1
50234,0
46997,2
100892,0
52983,2
6595,1
123849,0
108160,1
2623,2
47230,1
57890,1
23791,2
38204,2
87136,1
48011,1
44612,0
51590,0
105594,1
71505,1
57206,1
116963,0
65024,1
37205,1
122141,0
116264,1
115759,1
20890,2
80319,0
69556,0
35458,0
97021,0
46630,0
57744,2
121426,1
76664,2
93359,1
8325,3
115973,1
89504,1
122924,0
103958,0
119900,0
92123,0
31666,2
36792,2
19624,2
120487,1
644,0
55348,2
88470,0
116252,0
15558,2
95487,1
105791,3
25889,2
95819,0
24950,1
58626,2
115164,0
63681,0
30102,0
22751,2
105122,0
76244,2
11626,2
123874,3
14029,0
89915,3
110840,1
60990,0
93292,3
940,2
93502,1
59348,2
111367,4
112451,0
67637,0
12700,1
120860,0
68118,2
118537,0
38834,1
94713,1
120474,0
8776,0
15177,2
109343,3
12351,2
101885,0
42055,2
84123,1
123530,0
15370,0
116732,1
78230,0
21970,0
101169,1
104516,1
117924,0
27674,2
26389,1
110274,0
33821,2
98974,1
117443,1
42538,0
15280,2
92500,1
91252,1
18765,2
18820,0
80858,1
9314,2
14827,2
61179,0
99476,2
85882,0
115078,0
90916,1
80841,1
31837,2
66680,1
53961,2
2854,0
43474,2
69362,0
129071,0
45595,0
10640,2
88251,1
54267,0
2385,1
18652,1
95914,0
61973,2
63334,0
51144,1
11026,1
95223,2
13137,2
54347,2
114359,0
32824,1
71910,1
72738,1
17164,2
66502,1
118946,1
43840,0
107203,1
75480,2
14784,3
9069,2
38753,0
86154,1
78862,1
114855,1
122511,0
111188,0
89121,0
106681,1
71583,0
49486,1
123885,1
69984,1
32257,0
101303,0
71618,0
88103,1
29573,1
87847,1
55286,0
61042,0
121265,0
90833,0
22223,2
114711,0
118503,1
76129,2
124017,0
35072,1
2158,2
57466,0
64045,1
66058,1
2137,1
36793,0
47579,1
129313,1
36567,2
16343,0
120513,0
124690,1
24280,2
75349,1
12548,0
6516,1
74518,1
103684,1
34788,2
94288,0
42130,0
74521,1
13741,2
97643,0
25389,1
12990,1
13757,2
92143,1
89251,2
39306,0
79014,1
16606,2
20748,2
122291,1
4645,0
120762,1
28347,2
32798,1
81261,0
46204,0
37815,0
25462,0
89386,0
127049,1
88649,1
119618,0
90994,1
100568,0
17293,1
61391,2
27991,1
29747,0
92859,0
24699,1
22638,0
62090,2
129613,1
62171,0
103582,3
57361,2
5677,2
98294,1
34835,2
113794,1
105063,1
33774,0
48965,0
94419,0
60568,2
92223,1
55741,2
28864,2
77717,1
96309,4
30315,1
70700,1
106837,0
89035,0
93388,3
82125,0
57057,2
93064,0
4050,2
58890,2
3686,2
47760,0
71476,0
53672,0
115201,0
4859,2
81732,0
109796,0
99336,0
29133,1
47028,2
128350,3
116376,1
84649,1
7633,2
29801,2
122415,0
41007,0
75417,1
103188,0
98969,1
50780,0
7326,1
123223,0
37413,2
110042,1
78049,0
31277,2
7875,2
86162,0
16414,1
86594,0
81180,1
30952,1
49017,0
99529,2
87297,2
107880,1
127941,0
57305,1
73934,1
70475,1
116240,0
99040,0
67623,0
29976,1
103383,4
22648,1
126090,1
16386,1
107108,1
14846,2
52597,1
21820,0
113771,1
85704,0
41130,0
73743,2
43684,1
75616,2
29946,2
50274,2
43172,0
93931,0
44212,2
130135,0
16731,2
2129,2
71508,0
10867,1
77082,1
37873,3
21761,2
117672,1
10521,1
56506,0
56569,0
116818,0
90324,1
97712,0
94942,2
10064,2
51366,0
105171,1
123936,0
111455,0
65520,0
79633,0
56509,0
73126,1
84340,0
65407,1
14038,2
11661,1
1246,1
17749,2
61870,0
29026,0
97950,0
75958,3
42931,1
38796,0
74945,1
94898,1
117782,0
22661,2
24969,0
17689,1
122037,0
117516,0
102656,0
2037,1
130973,1
66578,1
106216,0
114782,1
16866,2
74765,1
49356,1
63301,2
42743,2
9454,2
41066,2
83101,2
9351,0
126961,0
26356,1
50506,1
190,1
53681,1
108296,1
4293,1
97176,1
32434,0
88084,1
68839,2
71933,1
83155,0
119724,1
6432,1
46325,0
8924,1
61225,1
131225,0
114168,1
93399,0
20507,2
12269,2
84848,0
41859,2
131132,0
3896,0
31224,2
63824,0
129024,0
39458,1
123928,1
28819,1
52715,1
25082,0
63482,0
88505,0
46472,0
26945,1
17819,0
109190,1
115050,1
45746,3
12539,2
68010,0
57586,0
64957,0
76155,1
78934,0
23169,0
80472,1
14731,2
16789,2
32318,2
58470,1
107146,1
97535,0
78503,0
30658,2
93003,0
66496,2
93244,2
109227,1
6924,2
19934,2
95840,1
126697,3
56703,2
112654,1
86824,1
67556,1
115797,1
104138,0
45822,2
42819,0
18881,0
12355,1
130809,1
113910,0
117070,0
59096,0
69766,2
54276,0
76211,1
